image_name,label
A1.jpg,love
A10.jpg,love
A100.jpg,love
A11.jpg,love
A12.jpg,love
A13.jpg,love
A14.jpg,love
A15.jpg,love
A16.jpg,love
A17.jpg,love
A18.jpg,love
A19.jpg,love
A2.jpg,love
A20.jpg,love
A21.jpg,love
A22.jpg,love
A23.jpg,love
A24.jpg,love
A25.jpg,love
A26.jpg,love
A27.jpg,love
A28.jpg,love
A29.jpg,love
A3.jpg,love
A30.jpg,love
A31.jpg,love
A32.jpg,love
A33.jpg,love
A34.jpg,love
A35.jpg,love
A36.jpg,love
A37.jpg,love
A38.jpg,love
A39.jpg,love
A4.jpg,love
A40.jpg,love
A41.jpg,love
A42.jpg,love
A43.jpg,love
A44.jpg,love
A45.jpg,love
A46.jpg,love
A47.jpg,love
A48.jpg,love
A49.jpg,love
A5.jpg,love
A50.jpg,love
A51.jpg,love
A52.jpg,love
A53.jpg,love
A54.jpg,love
A55.jpg,love
A56.jpg,love
A57.jpg,love
A58.jpg,love
A59.jpg,love
A6.jpg,love
A60.jpg,love
A61.jpg,love
A62.jpg,love
A63.jpg,love
A64.jpg,love
A65.jpg,love
A66.jpg,love
A67.jpg,love
A68.jpg,love
A69.jpg,love
A7.jpg,love
A70.jpg,love
A71.jpg,love
A72.jpg,love
A73.jpg,love
A74.jpg,love
A75.jpg,love
A76.jpg,love
A77.jpg,love
A78.jpg,love
A79.jpg,love
A8.jpg,love
A80.jpg,love
A81.jpg,love
A82.jpg,love
A83.jpg,love
A84.jpg,love
A85.jpg,love
A86.jpg,love
A87.jpg,love
A88.jpg,love
A89.jpg,love
A9.jpg,love
A90.jpg,love
A91.jpg,love
A92.jpg,love
A93.jpg,love
A94.jpg,love
A95.jpg,love
A96.jpg,love
A97.jpg,love
A98.jpg,love
A99.jpg,love
B1.jpg,thank_you
B10.jpg,thank_you
B100.jpg,thank_you
B11.jpg,thank_you
B12.jpg,thank_you
B13.jpg,thank_you
B14.jpg,thank_you
B15.jpg,thank_you
B16.jpg,thank_you
B17.jpg,thank_you
B18.jpg,thank_you
B19.jpg,thank_you
B2.jpg,thank_you
B20.jpg,thank_you
B21.jpg,thank_you
B22.jpg,thank_you
B23.jpg,thank_you
B24.jpg,thank_you
B25.jpg,thank_you
B26.jpg,thank_you
B27.jpg,thank_you
B28.jpg,thank_you
B29.jpg,thank_you
B3.jpg,thank_you
B30.jpg,thank_you
B31.jpg,thank_you
B32.jpg,thank_you
B33.jpg,thank_you
B34.jpg,thank_you
B35.jpg,thank_you
B36.jpg,thank_you
B37.jpg,thank_you
B38.jpg,thank_you
B39.jpg,thank_you
B4.jpg,thank_you
B40.jpg,thank_you
B41.jpg,thank_you
B42.jpg,thank_you
B43.jpg,thank_you
B44.jpg,thank_you
B45.jpg,thank_you
B46.jpg,thank_you
B47.jpg,thank_you
B48.jpg,thank_you
B49.jpg,thank_you
B5.jpg,thank_you
B50.jpg,thank_you
B51.jpg,thank_you
B52.jpg,thank_you
B53.jpg,thank_you
B54.jpg,thank_you
B55.jpg,thank_you
B56.jpg,thank_you
B57.jpg,thank_you
B58.jpg,thank_you
B59.jpg,thank_you
B6.jpg,thank_you
B60.jpg,thank_you
B61.jpg,thank_you
B62.jpg,thank_you
B63.jpg,thank_you
B64.jpg,thank_you
B65.jpg,thank_you
B66.jpg,thank_you
B67.jpg,thank_you
B68.jpg,thank_you
B69.jpg,thank_you
B7.jpg,thank_you
B70.jpg,thank_you
B71.jpg,thank_you
B72.jpg,thank_you
B73.jpg,thank_you
B74.jpg,thank_you
B75.jpg,thank_you
B76.jpg,thank_you
B77.jpg,thank_you
B78.jpg,thank_you
B79.jpg,thank_you
B8.jpg,thank_you
B80.jpg,thank_you
B81.jpg,thank_you
B82.jpg,thank_you
B83.jpg,thank_you
B84.jpg,thank_you
B85.jpg,thank_you
B86.jpg,thank_you
B87.jpg,thank_you
B88.jpg,thank_you
B89.jpg,thank_you
B9.jpg,thank_you
B90.jpg,thank_you
B91.jpg,thank_you
B92.jpg,thank_you
B93.jpg,thank_you
B94.jpg,thank_you
B95.jpg,thank_you
B96.jpg,thank_you
B97.jpg,thank_you
B98.jpg,thank_you
B99.jpg,thank_you
C1.jpg,hello
C10.jpg,hello
C100.jpg,hello
C11.jpg,hello
C12.jpg,hello
C13.jpg,hello
C14.jpg,hello
C15.jpg,hello
C16.jpg,hello
C17.jpg,hello
C18.jpg,hello
C19.jpg,hello
C2.jpg,hello
C20.jpg,hello
C21.jpg,hello
C22.jpg,hello
C23.jpg,hello
C24.jpg,hello
C25.jpg,hello
C26.jpg,hello
C27.jpg,hello
C28.jpg,hello
C29.jpg,hello
C3.jpg,hello
C30.jpg,hello
C31.jpg,hello
C32.jpg,hello
C33.jpg,hello
C34.jpg,hello
C35.jpg,hello
C36.jpg,hello
C37.jpg,hello
C38.jpg,hello
C39.jpg,hello
C4.jpg,hello
C40.jpg,hello
C41.jpg,hello
C42.jpg,hello
C43.jpg,hello
C44.jpg,hello
C45.jpg,hello
C46.jpg,hello
C47.jpg,hello
C48.jpg,hello
C49.jpg,hello
C5.jpg,hello
C50.jpg,hello
C51.jpg,hello
C52.jpg,hello
C53.jpg,hello
C54.jpg,hello
C55.jpg,hello
C56.jpg,hello
C57.jpg,hello
C58.jpg,hello
C59.jpg,hello
C6.jpg,hello
C60.jpg,hello
C61.jpg,hello
C62.jpg,hello
C63.jpg,hello
C64.jpg,hello
C65.jpg,hello
C66.jpg,hello
C67.jpg,hello
C68.jpg,hello
C69.jpg,hello
C7.jpg,hello
C70.jpg,hello
C71.jpg,hello
C72.jpg,hello
C73.jpg,hello
C74.jpg,hello
C75.jpg,hello
C76.jpg,hello
C77.jpg,hello
C78.jpg,hello
C79.jpg,hello
C8.jpg,hello
C80.jpg,hello
C81.jpg,hello
C82.jpg,hello
C83.jpg,hello
C84.jpg,hello
C85.jpg,hello
C86.jpg,hello
C87.jpg,hello
C88.jpg,hello
C89.jpg,hello
C9.jpg,hello
C90.jpg,hello
C91.jpg,hello
C92.jpg,hello
C93.jpg,hello
C94.jpg,hello
C95.jpg,hello
C96.jpg,hello
C97.jpg,hello
C98.jpg,hello
C99.jpg,hello
D1.jpg,goodbye
D10.jpg,goodbye
D100.jpg,goodbye
D11.jpg,goodbye
D12.jpg,goodbye
D13.jpg,goodbye
D14.jpg,goodbye
D15.jpg,goodbye
D16.jpg,goodbye
D17.jpg,goodbye
D18.jpg,goodbye
D19.jpg,goodbye
D2.jpg,goodbye
D20.jpg,goodbye
D21.jpg,goodbye
D22.jpg,goodbye
D23.jpg,goodbye
D24.jpg,goodbye
D25.jpg,goodbye
D26.jpg,goodbye
D27.jpg,goodbye
D28.jpg,goodbye
D29.jpg,goodbye
D3.jpg,goodbye
D30.jpg,goodbye
D31.jpg,goodbye
D32.jpg,goodbye
D33.jpg,goodbye
D34.jpg,goodbye
D35.jpg,goodbye
D36.jpg,goodbye
D37.jpg,goodbye
D38.jpg,goodbye
D39.jpg,goodbye
D4.jpg,goodbye
D40.jpg,goodbye
D41.jpg,goodbye
D42.jpg,goodbye
D43.jpg,goodbye
D44.jpg,goodbye
D45.jpg,goodbye
D46.jpg,goodbye
D47.jpg,goodbye
D48.jpg,goodbye
D49.jpg,goodbye
D5.jpg,goodbye
D50.jpg,goodbye
D51.jpg,goodbye
D52.jpg,goodbye
D53.jpg,goodbye
D54.jpg,goodbye
D55.jpg,goodbye
D56.jpg,goodbye
D57.jpg,goodbye
D58.jpg,goodbye
D59.jpg,goodbye
D6.jpg,goodbye
D60.jpg,goodbye
D61.jpg,goodbye
D62.jpg,goodbye
D63.jpg,goodbye
D64.jpg,goodbye
D65.jpg,goodbye
D66.jpg,goodbye
D67.jpg,goodbye
D68.jpg,goodbye
D69.jpg,goodbye
D7.jpg,goodbye
D70.jpg,goodbye
D71.jpg,goodbye
D72.jpg,goodbye
D73.jpg,goodbye
D74.jpg,goodbye
D75.jpg,goodbye
D76.jpg,goodbye
D77.jpg,goodbye
D78.jpg,goodbye
D79.jpg,goodbye
D8.jpg,goodbye
D80.jpg,goodbye
D81.jpg,goodbye
D82.jpg,goodbye
D83.jpg,goodbye
D84.jpg,goodbye
D85.jpg,goodbye
D86.jpg,goodbye
D87.jpg,goodbye
D88.jpg,goodbye
D89.jpg,goodbye
D9.jpg,goodbye
D90.jpg,goodbye
D91.jpg,goodbye
D92.jpg,goodbye
D93.jpg,goodbye
D94.jpg,goodbye
D95.jpg,goodbye
D96.jpg,goodbye
D97.jpg,goodbye
D98.jpg,goodbye
D99.jpg,goodbye
E1.jpg,yes
E10.jpg,yes
E100.jpg,yes
E11.jpg,yes
E12.jpg,yes
E13.jpg,yes
E14.jpg,yes
E15.jpg,yes
E16.jpg,yes
E17.jpg,yes
E18.jpg,yes
E19.jpg,yes
E2.jpg,yes
E20.jpg,yes
E21.jpg,yes
E22.jpg,yes
E23.jpg,yes
E24.jpg,yes
E25.jpg,yes
E26.jpg,yes
E27.jpg,yes
E28.jpg,yes
E29.jpg,yes
E3.jpg,yes
E30.jpg,yes
E31.jpg,yes
E32.jpg,yes
E33.jpg,yes
E34.jpg,yes
E35.jpg,yes
E36.jpg,yes
E37.jpg,yes
E38.jpg,yes
E39.jpg,yes
E4.jpg,yes
E40.jpg,yes
E41.jpg,yes
E42.jpg,yes
E43.jpg,yes
E44.jpg,yes
E45.jpg,yes
E46.jpg,yes
E47.jpg,yes
E48.jpg,yes
E49.jpg,yes
E5.jpg,yes
E50.jpg,yes
E51.jpg,yes
E52.jpg,yes
E53.jpg,yes
E54.jpg,yes
E55.jpg,yes
E56.jpg,yes
E57.jpg,yes
E58.jpg,yes
E59.jpg,yes
E6.jpg,yes
E60.jpg,yes
E61.jpg,yes
E62.jpg,yes
E63.jpg,yes
E64.jpg,yes
E65.jpg,yes
E66.jpg,yes
E67.jpg,yes
E68.jpg,yes
E69.jpg,yes
E7.jpg,yes
E70.jpg,yes
E71.jpg,yes
E72.jpg,yes
E73.jpg,yes
E74.jpg,yes
E75.jpg,yes
E76.jpg,yes
E77.jpg,yes
E78.jpg,yes
E79.jpg,yes
E8.jpg,yes
E80.jpg,yes
E81.jpg,yes
E82.jpg,yes
E83.jpg,yes
E84.jpg,yes
E85.jpg,yes
E86.jpg,yes
E87.jpg,yes
E88.jpg,yes
E89.jpg,yes
E9.jpg,yes
E90.jpg,yes
E91.jpg,yes
E92.jpg,yes
E93.jpg,yes
E94.jpg,yes
E95.jpg,yes
E96.jpg,yes
E97.jpg,yes
E98.jpg,yes
E99.jpg,yes
F1.jpg,no
F10.jpg,no
F100.jpg,no
F11.jpg,no
F12.jpg,no
F13.jpg,no
F14.jpg,no
F15.jpg,no
F16.jpg,no
F17.jpg,no
F18.jpg,no
F19.jpg,no
F2.jpg,no
F20.jpg,no
F21.jpg,no
F22.jpg,no
F23.jpg,no
F24.jpg,no
F25.jpg,no
F26.jpg,no
F27.jpg,no
F28.jpg,no
F29.jpg,no
F3.jpg,no
F30.jpg,no
F31.jpg,no
F32.jpg,no
F33.jpg,no
F34.jpg,no
F35.jpg,no
F36.jpg,no
F37.jpg,no
F38.jpg,no
F39.jpg,no
F4.jpg,no
F40.jpg,no
F41.jpg,no
F42.jpg,no
F43.jpg,no
F44.jpg,no
F45.jpg,no
F46.jpg,no
F47.jpg,no
F48.jpg,no
F49.jpg,no
F5.jpg,no
F50.jpg,no
F51.jpg,no
F52.jpg,no
F53.jpg,no
F54.jpg,no
F55.jpg,no
F56.jpg,no
F57.jpg,no
F58.jpg,no
F59.jpg,no
F6.jpg,no
F60.jpg,no
F61.jpg,no
F62.jpg,no
F63.jpg,no
F64.jpg,no
F65.jpg,no
F66.jpg,no
F67.jpg,no
F68.jpg,no
F69.jpg,no
F7.jpg,no
F70.jpg,no
F71.jpg,no
F72.jpg,no
F73.jpg,no
F74.jpg,no
F75.jpg,no
F76.jpg,no
F77.jpg,no
F78.jpg,no
F79.jpg,no
F8.jpg,no
F80.jpg,no
F81.jpg,no
F82.jpg,no
F83.jpg,no
F84.jpg,no
F85.jpg,no
F86.jpg,no
F87.jpg,no
F88.jpg,no
F89.jpg,no
F9.jpg,no
F90.jpg,no
F91.jpg,no
F92.jpg,no
F93.jpg,no
F94.jpg,no
F95.jpg,no
F96.jpg,no
F97.jpg,no
F98.jpg,no
F99.jpg,no
G1.jpg,please
G10.jpg,please
G100.jpg,please
G11.jpg,please
G12.jpg,please
G13.jpg,please
G14.jpg,please
G15.jpg,please
G16.jpg,please
G17.jpg,please
G18.jpg,please
G19.jpg,please
G2.jpg,please
G20.jpg,please
G21.jpg,please
G22.jpg,please
G23.jpg,please
G24.jpg,please
G25.jpg,please
G26.jpg,please
G27.jpg,please
G28.jpg,please
G29.jpg,please
G3.jpg,please
G30.jpg,please
G31.jpg,please
G32.jpg,please
G33.jpg,please
G34.jpg,please
G35.jpg,please
G36.jpg,please
G37.jpg,please
G38.jpg,please
G39.jpg,please
G4.jpg,please
G40.jpg,please
G41.jpg,please
G42.jpg,please
G43.jpg,please
G44.jpg,please
G45.jpg,please
G46.jpg,please
G47.jpg,please
G48.jpg,please
G49.jpg,please
G5.jpg,please
G50.jpg,please
G51.jpg,please
G52.jpg,please
G53.jpg,please
G54.jpg,please
G55.jpg,please
G56.jpg,please
G57.jpg,please
G58.jpg,please
G59.jpg,please
G6.jpg,please
G60.jpg,please
G61.jpg,please
G62.jpg,please
G63.jpg,please
G64.jpg,please
G65.jpg,please
G66.jpg,please
G67.jpg,please
G68.jpg,please
G69.jpg,please
G7.jpg,please
G70.jpg,please
G71.jpg,please
G72.jpg,please
G73.jpg,please
G74.jpg,please
G75.jpg,please
G76.jpg,please
G77.jpg,please
G78.jpg,please
G79.jpg,please
G8.jpg,please
G80.jpg,please
G81.jpg,please
G82.jpg,please
G83.jpg,please
G84.jpg,please
G85.jpg,please
G86.jpg,please
G87.jpg,please
G88.jpg,please
G89.jpg,please
G9.jpg,please
G90.jpg,please
G91.jpg,please
G92.jpg,please
G93.jpg,please
G94.jpg,please
G95.jpg,please
G96.jpg,please
G97.jpg,please
G98.jpg,please
G99.jpg,please
H1.jpg,sorry
H10.jpg,sorry
H100.jpg,sorry
H11.jpg,sorry
H12.jpg,sorry
H13.jpg,sorry
H14.jpg,sorry
H15.jpg,sorry
H16.jpg,sorry
H17.jpg,sorry
H18.jpg,sorry
H19.jpg,sorry
H2.jpg,sorry
H20.jpg,sorry
H21.jpg,sorry
H22.jpg,sorry
H23.jpg,sorry
H24.jpg,sorry
H25.jpg,sorry
H26.jpg,sorry
H27.jpg,sorry
H28.jpg,sorry
H29.jpg,sorry
H3.jpg,sorry
H30.jpg,sorry
H31.jpg,sorry
H32.jpg,sorry
H33.jpg,sorry
H34.jpg,sorry
H35.jpg,sorry
H36.jpg,sorry
H37.jpg,sorry
H38.jpg,sorry
H39.jpg,sorry
H4.jpg,sorry
H40.jpg,sorry
H41.jpg,sorry
H42.jpg,sorry
H43.jpg,sorry
H44.jpg,sorry
H45.jpg,sorry
H46.jpg,sorry
H47.jpg,sorry
H48.jpg,sorry
H49.jpg,sorry
H5.jpg,sorry
H50.jpg,sorry
H51.jpg,sorry
H52.jpg,sorry
H53.jpg,sorry
H54.jpg,sorry
H55.jpg,sorry
H56.jpg,sorry
H57.jpg,sorry
H58.jpg,sorry
H59.jpg,sorry
H6.jpg,sorry
H60.jpg,sorry
H61.jpg,sorry
H62.jpg,sorry
H63.jpg,sorry
H64.jpg,sorry
H65.jpg,sorry
H66.jpg,sorry
H67.jpg,sorry
H68.jpg,sorry
H69.jpg,sorry
H7.jpg,sorry
H70.jpg,sorry
H71.jpg,sorry
H72.jpg,sorry
H73.jpg,sorry
H74.jpg,sorry
H75.jpg,sorry
H76.jpg,sorry
H77.jpg,sorry
H78.jpg,sorry
H79.jpg,sorry
H8.jpg,sorry
H80.jpg,sorry
H81.jpg,sorry
H82.jpg,sorry
H83.jpg,sorry
H84.jpg,sorry
H85.jpg,sorry
H86.jpg,sorry
H87.jpg,sorry
H88.jpg,sorry
H89.jpg,sorry
H9.jpg,sorry
H90.jpg,sorry
H91.jpg,sorry
H92.jpg,sorry
H93.jpg,sorry
H94.jpg,sorry
H95.jpg,sorry
H96.jpg,sorry
H97.jpg,sorry
H98.jpg,sorry
H99.jpg,sorry
I1.jpg,help
I10.jpg,help
I100.jpg,help
I11.jpg,help
I12.jpg,help
I13.jpg,help
I14.jpg,help
I15.jpg,help
I16.jpg,help
I17.jpg,help
I18.jpg,help
I19.jpg,help
I2.jpg,help
I20.jpg,help
I21.jpg,help
I22.jpg,help
I23.jpg,help
I24.jpg,help
I25.jpg,help
I26.jpg,help
I27.jpg,help
I28.jpg,help
I29.jpg,help
I3.jpg,help
I30.jpg,help
I31.jpg,help
I32.jpg,help
I33.jpg,help
I34.jpg,help
I35.jpg,help
I36.jpg,help
I37.jpg,help
I38.jpg,help
I39.jpg,help
I4.jpg,help
I40.jpg,help
I41.jpg,help
I42.jpg,help
I43.jpg,help
I44.jpg,help
I45.jpg,help
I46.jpg,help
I47.jpg,help
I48.jpg,help
I49.jpg,help
I5.jpg,help
I50.jpg,help
I51.jpg,help
I52.jpg,help
I53.jpg,help
I54.jpg,help
I55.jpg,help
I56.jpg,help
I57.jpg,help
I58.jpg,help
I59.jpg,help
I6.jpg,help
I60.jpg,help
I61.jpg,help
I62.jpg,help
I63.jpg,help
I64.jpg,help
I65.jpg,help
I66.jpg,help
I67.jpg,help
I68.jpg,help
I69.jpg,help
I7.jpg,help
I70.jpg,help
I71.jpg,help
I72.jpg,help
I73.jpg,help
I74.jpg,help
I75.jpg,help
I76.jpg,help
I77.jpg,help
I78.jpg,help
I79.jpg,help
I8.jpg,help
I80.jpg,help
I81.jpg,help
I82.jpg,help
I83.jpg,help
I84.jpg,help
I85.jpg,help
I86.jpg,help
I87.jpg,help
I88.jpg,help
I89.jpg,help
I9.jpg,help
I90.jpg,help
I91.jpg,help
I92.jpg,help
I93.jpg,help
I94.jpg,help
I95.jpg,help
I96.jpg,help
I97.jpg,help
I98.jpg,help
I99.jpg,help
J1.jpg,stop
J10.jpg,stop
J100.jpg,stop
J11.jpg,stop
J12.jpg,stop
J13.jpg,stop
J14.jpg,stop
J15.jpg,stop
J16.jpg,stop
J17.jpg,stop
J18.jpg,stop
J19.jpg,stop
J2.jpg,stop
J20.jpg,stop
J21.jpg,stop
J22.jpg,stop
J23.jpg,stop
J24.jpg,stop
J25.jpg,stop
J26.jpg,stop
J27.jpg,stop
J28.jpg,stop
J29.jpg,stop
J3.jpg,stop
J30.jpg,stop
J31.jpg,stop
J32.jpg,stop
J33.jpg,stop
J34.jpg,stop
J35.jpg,stop
J36.jpg,stop
J37.jpg,stop
J38.jpg,stop
J39.jpg,stop
J4.jpg,stop
J40.jpg,stop
J41.jpg,stop
J42.jpg,stop
J43.jpg,stop
J44.jpg,stop
J45.jpg,stop
J46.jpg,stop
J47.jpg,stop
J48.jpg,stop
J49.jpg,stop
J5.jpg,stop
J50.jpg,stop
J51.jpg,stop
J52.jpg,stop
J53.jpg,stop
J54.jpg,stop
J55.jpg,stop
J56.jpg,stop
J57.jpg,stop
J58.jpg,stop
J59.jpg,stop
J6.jpg,stop
J60.jpg,stop
J61.jpg,stop
J62.jpg,stop
J63.jpg,stop
J64.jpg,stop
J65.jpg,stop
J66.jpg,stop
J67.jpg,stop
J68.jpg,stop
J69.jpg,stop
J7.jpg,stop
J70.jpg,stop
J71.jpg,stop
J72.jpg,stop
J73.jpg,stop
J74.jpg,stop
J75.jpg,stop
J76.jpg,stop
J77.jpg,stop
J78.jpg,stop
J79.jpg,stop
J8.jpg,stop
J80.jpg,stop
J81.jpg,stop
J82.jpg,stop
J83.jpg,stop
J84.jpg,stop
J85.jpg,stop
J86.jpg,stop
J87.jpg,stop
J88.jpg,stop
J89.jpg,stop
J9.jpg,stop
J90.jpg,stop
J91.jpg,stop
J92.jpg,stop
J93.jpg,stop
J94.jpg,stop
J95.jpg,stop
J96.jpg,stop
J97.jpg,stop
J98.jpg,stop
J99.jpg,stop
K1.jpg,go
K10.jpg,go
K100.jpg,go
K11.jpg,go
K12.jpg,go
K13.jpg,go
K14.jpg,go
K15.jpg,go
K16.jpg,go
K17.jpg,go
K18.jpg,go
K19.jpg,go
K2.jpg,go
K20.jpg,go
K21.jpg,go
K22.jpg,go
K23.jpg,go
K24.jpg,go
K25.jpg,go
K26.jpg,go
K27.jpg,go
K28.jpg,go
K29.jpg,go
K3.jpg,go
K30.jpg,go
K31.jpg,go
K32.jpg,go
K33.jpg,go
K34.jpg,go
K35.jpg,go
K36.jpg,go
K37.jpg,go
K38.jpg,go
K39.jpg,go
K4.jpg,go
K40.jpg,go
K41.jpg,go
K42.jpg,go
K43.jpg,go
K44.jpg,go
K45.jpg,go
K46.jpg,go
K47.jpg,go
K48.jpg,go
K49.jpg,go
K5.jpg,go
K50.jpg,go
K51.jpg,go
K52.jpg,go
K53.jpg,go
K54.jpg,go
K55.jpg,go
K56.jpg,go
K57.jpg,go
K58.jpg,go
K59.jpg,go
K6.jpg,go
K60.jpg,go
K61.jpg,go
K62.jpg,go
K63.jpg,go
K64.jpg,go
K65.jpg,go
K66.jpg,go
K67.jpg,go
K68.jpg,go
K69.jpg,go
K7.jpg,go
K70.jpg,go
K71.jpg,go
K72.jpg,go
K73.jpg,go
K74.jpg,go
K75.jpg,go
K76.jpg,go
K77.jpg,go
K78.jpg,go
K79.jpg,go
K8.jpg,go
K80.jpg,go
K81.jpg,go
K82.jpg,go
K83.jpg,go
K84.jpg,go
K85.jpg,go
K86.jpg,go
K87.jpg,go
K88.jpg,go
K89.jpg,go
K9.jpg,go
K90.jpg,go
K91.jpg,go
K92.jpg,go
K93.jpg,go
K94.jpg,go
K95.jpg,go
K96.jpg,go
K97.jpg,go
K98.jpg,go
K99.jpg,go
L1.jpg,wait
L10.jpg,wait
L100.jpg,wait
L11.jpg,wait
L12.jpg,wait
L13.jpg,wait
L14.jpg,wait
L15.jpg,wait
L16.jpg,wait
L17.jpg,wait
L18.jpg,wait
L19.jpg,wait
L2.jpg,wait
L20.jpg,wait
L21.jpg,wait
L22.jpg,wait
L23.jpg,wait
L24.jpg,wait
L25.jpg,wait
L26.jpg,wait
L27.jpg,wait
L28.jpg,wait
L29.jpg,wait
L3.jpg,wait
L30.jpg,wait
L31.jpg,wait
L32.jpg,wait
L33.jpg,wait
L34.jpg,wait
L35.jpg,wait
L36.jpg,wait
L37.jpg,wait
L38.jpg,wait
L39.jpg,wait
L4.jpg,wait
L40.jpg,wait
L41.jpg,wait
L42.jpg,wait
L43.jpg,wait
L44.jpg,wait
L45.jpg,wait
L46.jpg,wait
L47.jpg,wait
L48.jpg,wait
L49.jpg,wait
L5.jpg,wait
L50.jpg,wait
L51.jpg,wait
L52.jpg,wait
L53.jpg,wait
L54.jpg,wait
L55.jpg,wait
L56.jpg,wait
L57.jpg,wait
L58.jpg,wait
L59.jpg,wait
L6.jpg,wait
L60.jpg,wait
L61.jpg,wait
L62.jpg,wait
L63.jpg,wait
L64.jpg,wait
L65.jpg,wait
L66.jpg,wait
L67.jpg,wait
L68.jpg,wait
L69.jpg,wait
L7.jpg,wait
L70.jpg,wait
L71.jpg,wait
L72.jpg,wait
L73.jpg,wait
L74.jpg,wait
L75.jpg,wait
L76.jpg,wait
L77.jpg,wait
L78.jpg,wait
L79.jpg,wait
L8.jpg,wait
L80.jpg,wait
L81.jpg,wait
L82.jpg,wait
L83.jpg,wait
L84.jpg,wait
L85.jpg,wait
L86.jpg,wait
L87.jpg,wait
L88.jpg,wait
L89.jpg,wait
L9.jpg,wait
L90.jpg,wait
L91.jpg,wait
L92.jpg,wait
L93.jpg,wait
L94.jpg,wait
L95.jpg,wait
L96.jpg,wait
L97.jpg,wait
L98.jpg,wait
L99.jpg,wait
M1.jpg,come
M10.jpg,come
M100.jpg,come
M11.jpg,come
M12.jpg,come
M13.jpg,come
M14.jpg,come
M15.jpg,come
M16.jpg,come
M17.jpg,come
M18.jpg,come
M19.jpg,come
M2.jpg,come
M20.jpg,come
M21.jpg,come
M22.jpg,come
M23.jpg,come
M24.jpg,come
M25.jpg,come
M26.jpg,come
M27.jpg,come
M28.jpg,come
M29.jpg,come
M3.jpg,come
M30.jpg,come
M31.jpg,come
M32.jpg,come
M33.jpg,come
M34.jpg,come
M35.jpg,come
M36.jpg,come
M37.jpg,come
M38.jpg,come
M39.jpg,come
M4.jpg,come
M40.jpg,come
M41.jpg,come
M42.jpg,come
M43.jpg,come
M44.jpg,come
M45.jpg,come
M46.jpg,come
M47.jpg,come
M48.jpg,come
M49.jpg,come
M5.jpg,come
M50.jpg,come
M51.jpg,come
M52.jpg,come
M53.jpg,come
M54.jpg,come
M55.jpg,come
M56.jpg,come
M57.jpg,come
M58.jpg,come
M59.jpg,come
M6.jpg,come
M60.jpg,come
M61.jpg,come
M62.jpg,come
M63.jpg,come
M64.jpg,come
M65.jpg,come
M66.jpg,come
M67.jpg,come
M68.jpg,come
M69.jpg,come
M7.jpg,come
M70.jpg,come
M71.jpg,come
M72.jpg,come
M73.jpg,come
M74.jpg,come
M75.jpg,come
M76.jpg,come
M77.jpg,come
M78.jpg,come
M79.jpg,come
M8.jpg,come
M80.jpg,come
M81.jpg,come
M82.jpg,come
M83.jpg,come
M84.jpg,come
M85.jpg,come
M86.jpg,come
M87.jpg,come
M88.jpg,come
M89.jpg,come
M9.jpg,come
M90.jpg,come
M91.jpg,come
M92.jpg,come
M93.jpg,come
M94.jpg,come
M95.jpg,come
M96.jpg,come
M97.jpg,come
M98.jpg,come
M99.jpg,come
N1.jpg,good_morning
N10.jpg,good_morning
N100.jpg,good_morning
N11.jpg,good_morning
N12.jpg,good_morning
N13.jpg,good_morning
N14.jpg,good_morning
N15.jpg,good_morning
N16.jpg,good_morning
N17.jpg,good_morning
N18.jpg,good_morning
N19.jpg,good_morning
N2.jpg,good_morning
N20.jpg,good_morning
N21.jpg,good_morning
N22.jpg,good_morning
N23.jpg,good_morning
N24.jpg,good_morning
N25.jpg,good_morning
N26.jpg,good_morning
N27.jpg,good_morning
N28.jpg,good_morning
N29.jpg,good_morning
N3.jpg,good_morning
N30.jpg,good_morning
N31.jpg,good_morning
N32.jpg,good_morning
N33.jpg,good_morning
N34.jpg,good_morning
N35.jpg,good_morning
N36.jpg,good_morning
N37.jpg,good_morning
N38.jpg,good_morning
N39.jpg,good_morning
N4.jpg,good_morning
N40.jpg,good_morning
N41.jpg,good_morning
N42.jpg,good_morning
N43.jpg,good_morning
N44.jpg,good_morning
N45.jpg,good_morning
N46.jpg,good_morning
N47.jpg,good_morning
N48.jpg,good_morning
N49.jpg,good_morning
N5.jpg,good_morning
N50.jpg,good_morning
N51.jpg,good_morning
N52.jpg,good_morning
N53.jpg,good_morning
N54.jpg,good_morning
N55.jpg,good_morning
N56.jpg,good_morning
N57.jpg,good_morning
N58.jpg,good_morning
N59.jpg,good_morning
N6.jpg,good_morning
N60.jpg,good_morning
N61.jpg,good_morning
N62.jpg,good_morning
N63.jpg,good_morning
N64.jpg,good_morning
N65.jpg,good_morning
N66.jpg,good_morning
N67.jpg,good_morning
N68.jpg,good_morning
N69.jpg,good_morning
N7.jpg,good_morning
N70.jpg,good_morning
N71.jpg,good_morning
N72.jpg,good_morning
N73.jpg,good_morning
N74.jpg,good_morning
N75.jpg,good_morning
N76.jpg,good_morning
N77.jpg,good_morning
N78.jpg,good_morning
N79.jpg,good_morning
N8.jpg,good_morning
N80.jpg,good_morning
N81.jpg,good_morning
N82.jpg,good_morning
N83.jpg,good_morning
N84.jpg,good_morning
N85.jpg,good_morning
N86.jpg,good_morning
N87.jpg,good_morning
N88.jpg,good_morning
N89.jpg,good_morning
N9.jpg,good_morning
N90.jpg,good_morning
N91.jpg,good_morning
N92.jpg,good_morning
N93.jpg,good_morning
N94.jpg,good_morning
N95.jpg,good_morning
N96.jpg,good_morning
N97.jpg,good_morning
N98.jpg,good_morning
N99.jpg,good_morning
O1.jpg,good_night
O10.jpg,good_night
O100.jpg,good_night
O11.jpg,good_night
O12.jpg,good_night
O13.jpg,good_night
O14.jpg,good_night
O15.jpg,good_night
O16.jpg,good_night
O17.jpg,good_night
O18.jpg,good_night
O19.jpg,good_night
O2.jpg,good_night
O20.jpg,good_night
O21.jpg,good_night
O22.jpg,good_night
O23.jpg,good_night
O24.jpg,good_night
O25.jpg,good_night
O26.jpg,good_night
O27.jpg,good_night
O28.jpg,good_night
O29.jpg,good_night
O3.jpg,good_night
O30.jpg,good_night
O31.jpg,good_night
O32.jpg,good_night
O33.jpg,good_night
O34.jpg,good_night
O35.jpg,good_night
O36.jpg,good_night
O37.jpg,good_night
O38.jpg,good_night
O39.jpg,good_night
O4.jpg,good_night
O40.jpg,good_night
O41.jpg,good_night
O42.jpg,good_night
O43.jpg,good_night
O44.jpg,good_night
O45.jpg,good_night
O46.jpg,good_night
O47.jpg,good_night
O48.jpg,good_night
O49.jpg,good_night
O5.jpg,good_night
O50.jpg,good_night
O51.jpg,good_night
O52.jpg,good_night
O53.jpg,good_night
O54.jpg,good_night
O55.jpg,good_night
O56.jpg,good_night
O57.jpg,good_night
O58.jpg,good_night
O59.jpg,good_night
O6.jpg,good_night
O60.jpg,good_night
O61.jpg,good_night
O62.jpg,good_night
O63.jpg,good_night
O64.jpg,good_night
O65.jpg,good_night
O66.jpg,good_night
O67.jpg,good_night
O68.jpg,good_night
O69.jpg,good_night
O7.jpg,good_night
O70.jpg,good_night
O71.jpg,good_night
O72.jpg,good_night
O73.jpg,good_night
O74.jpg,good_night
O75.jpg,good_night
O76.jpg,good_night
O77.jpg,good_night
O78.jpg,good_night
O79.jpg,good_night
O8.jpg,good_night
O80.jpg,good_night
O81.jpg,good_night
O82.jpg,good_night
O83.jpg,good_night
O84.jpg,good_night
O85.jpg,good_night
O86.jpg,good_night
O87.jpg,good_night
O88.jpg,good_night
O89.jpg,good_night
O9.jpg,good_night
O90.jpg,good_night
O91.jpg,good_night
O92.jpg,good_night
O93.jpg,good_night
O94.jpg,good_night
O95.jpg,good_night
O96.jpg,good_night
O97.jpg,good_night
O98.jpg,good_night
O99.jpg,good_night
P1.jpg,congratulations
P10.jpg,congratulations
P100.jpg,congratulations
P11.jpg,congratulations
P12.jpg,congratulations
P13.jpg,congratulations
P14.jpg,congratulations
P15.jpg,congratulations
P16.jpg,congratulations
P17.jpg,congratulations
P18.jpg,congratulations
P19.jpg,congratulations
P2.jpg,congratulations
P20.jpg,congratulations
P21.jpg,congratulations
P22.jpg,congratulations
P23.jpg,congratulations
P24.jpg,congratulations
P25.jpg,congratulations
P26.jpg,congratulations
P27.jpg,congratulations
P28.jpg,congratulations
P29.jpg,congratulations
P3.jpg,congratulations
P30.jpg,congratulations
P31.jpg,congratulations
P32.jpg,congratulations
P33.jpg,congratulations
P34.jpg,congratulations
P35.jpg,congratulations
P36.jpg,congratulations
P37.jpg,congratulations
P38.jpg,congratulations
P39.jpg,congratulations
P4.jpg,congratulations
P40.jpg,congratulations
P41.jpg,congratulations
P42.jpg,congratulations
P43.jpg,congratulations
P44.jpg,congratulations
P45.jpg,congratulations
P46.jpg,congratulations
P47.jpg,congratulations
P48.jpg,congratulations
P49.jpg,congratulations
P5.jpg,congratulations
P50.jpg,congratulations
P51.jpg,congratulations
P52.jpg,congratulations
P53.jpg,congratulations
P54.jpg,congratulations
P55.jpg,congratulations
P56.jpg,congratulations
P57.jpg,congratulations
P58.jpg,congratulations
P59.jpg,congratulations
P6.jpg,congratulations
P60.jpg,congratulations
P61.jpg,congratulations
P62.jpg,congratulations
P63.jpg,congratulations
P64.jpg,congratulations
P65.jpg,congratulations
P66.jpg,congratulations
P67.jpg,congratulations
P68.jpg,congratulations
P69.jpg,congratulations
P7.jpg,congratulations
P70.jpg,congratulations
P71.jpg,congratulations
P72.jpg,congratulations
P73.jpg,congratulations
P74.jpg,congratulations
P75.jpg,congratulations
P76.jpg,congratulations
P77.jpg,congratulations
P78.jpg,congratulations
P79.jpg,congratulations
P8.jpg,congratulations
P80.jpg,congratulations
P81.jpg,congratulations
P82.jpg,congratulations
P83.jpg,congratulations
P84.jpg,congratulations
P85.jpg,congratulations
P86.jpg,congratulations
P87.jpg,congratulations
P88.jpg,congratulations
P89.jpg,congratulations
P9.jpg,congratulations
P90.jpg,congratulations
P91.jpg,congratulations
P92.jpg,congratulations
P93.jpg,congratulations
P94.jpg,congratulations
P95.jpg,congratulations
P96.jpg,congratulations
P97.jpg,congratulations
P98.jpg,congratulations
P99.jpg,congratulations
Q1.jpg,birthday
Q10.jpg,birthday
Q100.jpg,birthday
Q11.jpg,birthday
Q12.jpg,birthday
Q13.jpg,birthday
Q14.jpg,birthday
Q15.jpg,birthday
Q16.jpg,birthday
Q17.jpg,birthday
Q18.jpg,birthday
Q19.jpg,birthday
Q2.jpg,birthday
Q20.jpg,birthday
Q21.jpg,birthday
Q22.jpg,birthday
Q23.jpg,birthday
Q24.jpg,birthday
Q25.jpg,birthday
Q26.jpg,birthday
Q27.jpg,birthday
Q28.jpg,birthday
Q29.jpg,birthday
Q3.jpg,birthday
Q30.jpg,birthday
Q31.jpg,birthday
Q32.jpg,birthday
Q33.jpg,birthday
Q34.jpg,birthday
Q35.jpg,birthday
Q36.jpg,birthday
Q37.jpg,birthday
Q38.jpg,birthday
Q39.jpg,birthday
Q4.jpg,birthday
Q40.jpg,birthday
Q41.jpg,birthday
Q42.jpg,birthday
Q43.jpg,birthday
Q44.jpg,birthday
Q45.jpg,birthday
Q46.jpg,birthday
Q47.jpg,birthday
Q48.jpg,birthday
Q49.jpg,birthday
Q5.jpg,birthday
Q50.jpg,birthday
Q51.jpg,birthday
Q52.jpg,birthday
Q53.jpg,birthday
Q54.jpg,birthday
Q55.jpg,birthday
Q56.jpg,birthday
Q57.jpg,birthday
Q58.jpg,birthday
Q59.jpg,birthday
Q6.jpg,birthday
Q60.jpg,birthday
Q61.jpg,birthday
Q62.jpg,birthday
Q63.jpg,birthday
Q64.jpg,birthday
Q65.jpg,birthday
Q66.jpg,birthday
Q67.jpg,birthday
Q68.jpg,birthday
Q69.jpg,birthday
Q7.jpg,birthday
Q70.jpg,birthday
Q71.jpg,birthday
Q72.jpg,birthday
Q73.jpg,birthday
Q74.jpg,birthday
Q75.jpg,birthday
Q76.jpg,birthday
Q77.jpg,birthday
Q78.jpg,birthday
Q79.jpg,birthday
Q8.jpg,birthday
Q80.jpg,birthday
Q81.jpg,birthday
Q82.jpg,birthday
Q83.jpg,birthday
Q84.jpg,birthday
Q85.jpg,birthday
Q86.jpg,birthday
Q87.jpg,birthday
Q88.jpg,birthday
Q89.jpg,birthday
Q9.jpg,birthday
Q90.jpg,birthday
Q91.jpg,birthday
Q92.jpg,birthday
Q93.jpg,birthday
Q94.jpg,birthday
Q95.jpg,birthday
Q96.jpg,birthday
Q97.jpg,birthday
Q98.jpg,birthday
Q99.jpg,birthday
R1.jpg,holiday
R10.jpg,holiday
R100.jpg,holiday
R11.jpg,holiday
R12.jpg,holiday
R13.jpg,holiday
R14.jpg,holiday
R15.jpg,holiday
R16.jpg,holiday
R17.jpg,holiday
R18.jpg,holiday
R19.jpg,holiday
R2.jpg,holiday
R20.jpg,holiday
R21.jpg,holiday
R22.jpg,holiday
R23.jpg,holiday
R24.jpg,holiday
R25.jpg,holiday
R26.jpg,holiday
R27.jpg,holiday
R28.jpg,holiday
R29.jpg,holiday
R3.jpg,holiday
R30.jpg,holiday
R31.jpg,holiday
R32.jpg,holiday
R33.jpg,holiday
R34.jpg,holiday
R35.jpg,holiday
R36.jpg,holiday
R37.jpg,holiday
R38.jpg,holiday
R39.jpg,holiday
R4.jpg,holiday
R40.jpg,holiday
R41.jpg,holiday
R42.jpg,holiday
R43.jpg,holiday
R44.jpg,holiday
R45.jpg,holiday
R46.jpg,holiday
R47.jpg,holiday
R48.jpg,holiday
R49.jpg,holiday
R5.jpg,holiday
R50.jpg,holiday
R51.jpg,holiday
R52.jpg,holiday
R53.jpg,holiday
R54.jpg,holiday
R55.jpg,holiday
R56.jpg,holiday
R57.jpg,holiday
R58.jpg,holiday
R59.jpg,holiday
R6.jpg,holiday
R60.jpg,holiday
R61.jpg,holiday
R62.jpg,holiday
R63.jpg,holiday
R64.jpg,holiday
R65.jpg,holiday
R66.jpg,holiday
R67.jpg,holiday
R68.jpg,holiday
R69.jpg,holiday
R7.jpg,holiday
R70.jpg,holiday
R71.jpg,holiday
R72.jpg,holiday
R73.jpg,holiday
R74.jpg,holiday
R75.jpg,holiday
R76.jpg,holiday
R77.jpg,holiday
R78.jpg,holiday
R79.jpg,holiday
R8.jpg,holiday
R80.jpg,holiday
R81.jpg,holiday
R82.jpg,holiday
R83.jpg,holiday
R84.jpg,holiday
R85.jpg,holiday
R86.jpg,holiday
R87.jpg,holiday
R88.jpg,holiday
R89.jpg,holiday
R9.jpg,holiday
R90.jpg,holiday
R91.jpg,holiday
R92.jpg,holiday
R93.jpg,holiday
R94.jpg,holiday
R95.jpg,holiday
R96.jpg,holiday
R97.jpg,holiday
R98.jpg,holiday
R99.jpg,holiday
S1.jpg,vacation
S10.jpg,vacation
S100.jpg,vacation
S11.jpg,vacation
S12.jpg,vacation
S13.jpg,vacation
S14.jpg,vacation
S15.jpg,vacation
S16.jpg,vacation
S17.jpg,vacation
S18.jpg,vacation
S19.jpg,vacation
S2.jpg,vacation
S20.jpg,vacation
S21.jpg,vacation
S22.jpg,vacation
S23.jpg,vacation
S24.jpg,vacation
S25.jpg,vacation
S26.jpg,vacation
S27.jpg,vacation
S28.jpg,vacation
S29.jpg,vacation
S3.jpg,vacation
S30.jpg,vacation
S31.jpg,vacation
S32.jpg,vacation
S33.jpg,vacation
S34.jpg,vacation
S35.jpg,vacation
S36.jpg,vacation
S37.jpg,vacation
S38.jpg,vacation
S39.jpg,vacation
S4.jpg,vacation
S40.jpg,vacation
S41.jpg,vacation
S42.jpg,vacation
S43.jpg,vacation
S44.jpg,vacation
S45.jpg,vacation
S46.jpg,vacation
S47.jpg,vacation
S48.jpg,vacation
S49.jpg,vacation
S5.jpg,vacation
S50.jpg,vacation
S51.jpg,vacation
S52.jpg,vacation
S53.jpg,vacation
S54.jpg,vacation
S55.jpg,vacation
S56.jpg,vacation
S57.jpg,vacation
S58.jpg,vacation
S59.jpg,vacation
S6.jpg,vacation
S60.jpg,vacation
S61.jpg,vacation
S62.jpg,vacation
S63.jpg,vacation
S64.jpg,vacation
S65.jpg,vacation
S66.jpg,vacation
S67.jpg,vacation
S68.jpg,vacation
S69.jpg,vacation
S7.jpg,vacation
S70.jpg,vacation
S71.jpg,vacation
S72.jpg,vacation
S73.jpg,vacation
S74.jpg,vacation
S75.jpg,vacation
S76.jpg,vacation
S77.jpg,vacation
S78.jpg,vacation
S79.jpg,vacation
S8.jpg,vacation
S80.jpg,vacation
S81.jpg,vacation
S82.jpg,vacation
S83.jpg,vacation
S84.jpg,vacation
S85.jpg,vacation
S86.jpg,vacation
S87.jpg,vacation
S88.jpg,vacation
S89.jpg,vacation
S9.jpg,vacation
S90.jpg,vacation
S91.jpg,vacation
S92.jpg,vacation
S93.jpg,vacation
S94.jpg,vacation
S95.jpg,vacation
S96.jpg,vacation
S97.jpg,vacation
S98.jpg,vacation
S99.jpg,vacation
T1.jpg,party
T10.jpg,party
T100.jpg,party
T11.jpg,party
T12.jpg,party
T13.jpg,party
T14.jpg,party
T15.jpg,party
T16.jpg,party
T17.jpg,party
T18.jpg,party
T19.jpg,party
T2.jpg,party
T20.jpg,party
T21.jpg,party
T22.jpg,party
T23.jpg,party
T24.jpg,party
T25.jpg,party
T26.jpg,party
T27.jpg,party
T28.jpg,party
T29.jpg,party
T3.jpg,party
T30.jpg,party
T31.jpg,party
T32.jpg,party
T33.jpg,party
T34.jpg,party
T35.jpg,party
T36.jpg,party
T37.jpg,party
T38.jpg,party
T39.jpg,party
T4.jpg,party
T40.jpg,party
T41.jpg,party
T42.jpg,party
T43.jpg,party
T44.jpg,party
T45.jpg,party
T46.jpg,party
T47.jpg,party
T48.jpg,party
T49.jpg,party
T5.jpg,party
T50.jpg,party
T51.jpg,party
T52.jpg,party
T53.jpg,party
T54.jpg,party
T55.jpg,party
T56.jpg,party
T57.jpg,party
T58.jpg,party
T59.jpg,party
T6.jpg,party
T60.jpg,party
T61.jpg,party
T62.jpg,party
T63.jpg,party
T64.jpg,party
T65.jpg,party
T66.jpg,party
T67.jpg,party
T68.jpg,party
T69.jpg,party
T7.jpg,party
T70.jpg,party
T71.jpg,party
T72.jpg,party
T73.jpg,party
T74.jpg,party
T75.jpg,party
T76.jpg,party
T77.jpg,party
T78.jpg,party
T79.jpg,party
T8.jpg,party
T80.jpg,party
T81.jpg,party
T82.jpg,party
T83.jpg,party
T84.jpg,party
T85.jpg,party
T86.jpg,party
T87.jpg,party
T88.jpg,party
T89.jpg,party
T9.jpg,party
T90.jpg,party
T91.jpg,party
T92.jpg,party
T93.jpg,party
T94.jpg,party
T95.jpg,party
T96.jpg,party
T97.jpg,party
T98.jpg,party
T99.jpg,party
U1.jpg,anniversary
U10.jpg,anniversary
U100.jpg,anniversary
U11.jpg,anniversary
U12.jpg,anniversary
U13.jpg,anniversary
U14.jpg,anniversary
U15.jpg,anniversary
U16.jpg,anniversary
U17.jpg,anniversary
U18.jpg,anniversary
U19.jpg,anniversary
U2.jpg,anniversary
U20.jpg,anniversary
U21.jpg,anniversary
U22.jpg,anniversary
U23.jpg,anniversary
U24.jpg,anniversary
U25.jpg,anniversary
U26.jpg,anniversary
U27.jpg,anniversary
U28.jpg,anniversary
U29.jpg,anniversary
U3.jpg,anniversary
U30.jpg,anniversary
U31.jpg,anniversary
U32.jpg,anniversary
U33.jpg,anniversary
U34.jpg,anniversary
U35.jpg,anniversary
U36.jpg,anniversary
U37.jpg,anniversary
U38.jpg,anniversary
U39.jpg,anniversary
U4.jpg,anniversary
U40.jpg,anniversary
U41.jpg,anniversary
U42.jpg,anniversary
U43.jpg,anniversary
U44.jpg,anniversary
U45.jpg,anniversary
U46.jpg,anniversary
U47.jpg,anniversary
U48.jpg,anniversary
U49.jpg,anniversary
U5.jpg,anniversary
U50.jpg,anniversary
U51.jpg,anniversary
U52.jpg,anniversary
U53.jpg,anniversary
U54.jpg,anniversary
U55.jpg,anniversary
U56.jpg,anniversary
U57.jpg,anniversary
U58.jpg,anniversary
U59.jpg,anniversary
U6.jpg,anniversary
U60.jpg,anniversary
U61.jpg,anniversary
U62.jpg,anniversary
U63.jpg,anniversary
U64.jpg,anniversary
U65.jpg,anniversary
U66.jpg,anniversary
U67.jpg,anniversary
U68.jpg,anniversary
U69.jpg,anniversary
U7.jpg,anniversary
U70.jpg,anniversary
U71.jpg,anniversary
U72.jpg,anniversary
U73.jpg,anniversary
U74.jpg,anniversary
U75.jpg,anniversary
U76.jpg,anniversary
U77.jpg,anniversary
U78.jpg,anniversary
U79.jpg,anniversary
U8.jpg,anniversary
U80.jpg,anniversary
U81.jpg,anniversary
U82.jpg,anniversary
U83.jpg,anniversary
U84.jpg,anniversary
U85.jpg,anniversary
U86.jpg,anniversary
U87.jpg,anniversary
U88.jpg,anniversary
U89.jpg,anniversary
U9.jpg,anniversary
U90.jpg,anniversary
U91.jpg,anniversary
U92.jpg,anniversary
U93.jpg,anniversary
U94.jpg,anniversary
U95.jpg,anniversary
U96.jpg,anniversary
U97.jpg,anniversary
U98.jpg,anniversary
U99.jpg,anniversary
V1.jpg,graduation
V10.jpg,graduation
V100.jpg,graduation
V11.jpg,graduation
V12.jpg,graduation
V13.jpg,graduation
V14.jpg,graduation
V15.jpg,graduation
V16.jpg,graduation
V17.jpg,graduation
V18.jpg,graduation
V19.jpg,graduation
V2.jpg,graduation
V20.jpg,graduation
V21.jpg,graduation
V22.jpg,graduation
V23.jpg,graduation
V24.jpg,graduation
V25.jpg,graduation
V26.jpg,graduation
V27.jpg,graduation
V28.jpg,graduation
V29.jpg,graduation
V3.jpg,graduation
V30.jpg,graduation
V31.jpg,graduation
V32.jpg,graduation
V33.jpg,graduation
V34.jpg,graduation
V35.jpg,graduation
V36.jpg,graduation
V37.jpg,graduation
V38.jpg,graduation
V39.jpg,graduation
V4.jpg,graduation
V40.jpg,graduation
V41.jpg,graduation
V42.jpg,graduation
V43.jpg,graduation
V44.jpg,graduation
V45.jpg,graduation
V46.jpg,graduation
V47.jpg,graduation
V48.jpg,graduation
V49.jpg,graduation
V5.jpg,graduation
V50.jpg,graduation
V51.jpg,graduation
V52.jpg,graduation
V53.jpg,graduation
V54.jpg,graduation
V55.jpg,graduation
V56.jpg,graduation
V57.jpg,graduation
V58.jpg,graduation
V59.jpg,graduation
V6.jpg,graduation
V60.jpg,graduation
V61.jpg,graduation
V62.jpg,graduation
V63.jpg,graduation
V64.jpg,graduation
V65.jpg,graduation
V66.jpg,graduation
V67.jpg,graduation
V68.jpg,graduation
V69.jpg,graduation
V7.jpg,graduation
V70.jpg,graduation
V71.jpg,graduation
V72.jpg,graduation
V73.jpg,graduation
V74.jpg,graduation
V75.jpg,graduation
V76.jpg,graduation
V77.jpg,graduation
V78.jpg,graduation
V79.jpg,graduation
V8.jpg,graduation
V80.jpg,graduation
V81.jpg,graduation
V82.jpg,graduation
V83.jpg,graduation
V84.jpg,graduation
V85.jpg,graduation
V86.jpg,graduation
V87.jpg,graduation
V88.jpg,graduation
V89.jpg,graduation
V9.jpg,graduation
V90.jpg,graduation
V91.jpg,graduation
V92.jpg,graduation
V93.jpg,graduation
V94.jpg,graduation
V95.jpg,graduation
V96.jpg,graduation
V97.jpg,graduation
V98.jpg,graduation
V99.jpg,graduation
W1.jpg,success
W10.jpg,success
W100.jpg,success
W11.jpg,success
W12.jpg,success
W13.jpg,success
W14.jpg,success
W15.jpg,success
W16.jpg,success
W17.jpg,success
W18.jpg,success
W19.jpg,success
W2.jpg,success
W20.jpg,success
W21.jpg,success
W22.jpg,success
W23.jpg,success
W24.jpg,success
W25.jpg,success
W26.jpg,success
W27.jpg,success
W28.jpg,success
W29.jpg,success
W3.jpg,success
W30.jpg,success
W31.jpg,success
W32.jpg,success
W33.jpg,success
W34.jpg,success
W35.jpg,success
W36.jpg,success
W37.jpg,success
W38.jpg,success
W39.jpg,success
W4.jpg,success
W40.jpg,success
W41.jpg,success
W42.jpg,success
W43.jpg,success
W44.jpg,success
W45.jpg,success
W46.jpg,success
W47.jpg,success
W48.jpg,success
W49.jpg,success
W5.jpg,success
W50.jpg,success
W51.jpg,success
W52.jpg,success
W53.jpg,success
W54.jpg,success
W55.jpg,success
W56.jpg,success
W57.jpg,success
W58.jpg,success
W59.jpg,success
W6.jpg,success
W60.jpg,success
W61.jpg,success
W62.jpg,success
W63.jpg,success
W64.jpg,success
W65.jpg,success
W66.jpg,success
W67.jpg,success
W68.jpg,success
W69.jpg,success
W7.jpg,success
W70.jpg,success
W71.jpg,success
W72.jpg,success
W73.jpg,success
W74.jpg,success
W75.jpg,success
W76.jpg,success
W77.jpg,success
W78.jpg,success
W79.jpg,success
W8.jpg,success
W80.jpg,success
W81.jpg,success
W82.jpg,success
W83.jpg,success
W84.jpg,success
W85.jpg,success
W86.jpg,success
W87.jpg,success
W88.jpg,success
W89.jpg,success
W9.jpg,success
W90.jpg,success
W91.jpg,success
W92.jpg,success
W93.jpg,success
W94.jpg,success
W95.jpg,success
W96.jpg,success
W97.jpg,success
W98.jpg,success
W99.jpg,success
X1.jpg,failure
X10.jpg,failure
X100.jpg,failure
X11.jpg,failure
X12.jpg,failure
X13.jpg,failure
X14.jpg,failure
X15.jpg,failure
X16.jpg,failure
X17.jpg,failure
X18.jpg,failure
X19.jpg,failure
X2.jpg,failure
X20.jpg,failure
X21.jpg,failure
X22.jpg,failure
X23.jpg,failure
X24.jpg,failure
X25.jpg,failure
X26.jpg,failure
X27.jpg,failure
X28.jpg,failure
X29.jpg,failure
X3.jpg,failure
X30.jpg,failure
X31.jpg,failure
X32.jpg,failure
X33.jpg,failure
X34.jpg,failure
X35.jpg,failure
X36.jpg,failure
X37.jpg,failure
X38.jpg,failure
X39.jpg,failure
X4.jpg,failure
X40.jpg,failure
X41.jpg,failure
X42.jpg,failure
X43.jpg,failure
X44.jpg,failure
X45.jpg,failure
X46.jpg,failure
X47.jpg,failure
X48.jpg,failure
X49.jpg,failure
X5.jpg,failure
X50.jpg,failure
X51.jpg,failure
X52.jpg,failure
X53.jpg,failure
X54.jpg,failure
X55.jpg,failure
X56.jpg,failure
X57.jpg,failure
X58.jpg,failure
X59.jpg,failure
X6.jpg,failure
X60.jpg,failure
X61.jpg,failure
X62.jpg,failure
X63.jpg,failure
X64.jpg,failure
X65.jpg,failure
X66.jpg,failure
X67.jpg,failure
X68.jpg,failure
X69.jpg,failure
X7.jpg,failure
X70.jpg,failure
X71.jpg,failure
X72.jpg,failure
X73.jpg,failure
X74.jpg,failure
X75.jpg,failure
X76.jpg,failure
X77.jpg,failure
X78.jpg,failure
X79.jpg,failure
X8.jpg,failure
X80.jpg,failure
X81.jpg,failure
X82.jpg,failure
X83.jpg,failure
X84.jpg,failure
X85.jpg,failure
X86.jpg,failure
X87.jpg,failure
X88.jpg,failure
X89.jpg,failure
X9.jpg,failure
X90.jpg,failure
X91.jpg,failure
X92.jpg,failure
X93.jpg,failure
X94.jpg,failure
X95.jpg,failure
X96.jpg,failure
X97.jpg,failure
X98.jpg,failure
X99.jpg,failure
Y1.jpg,try_again
Y10.jpg,try_again
Y100.jpg,try_again
Y11.jpg,try_again
Y12.jpg,try_again
Y13.jpg,try_again
Y14.jpg,try_again
Y15.jpg,try_again
Y16.jpg,try_again
Y17.jpg,try_again
Y18.jpg,try_again
Y19.jpg,try_again
Y2.jpg,try_again
Y20.jpg,try_again
Y21.jpg,try_again
Y22.jpg,try_again
Y23.jpg,try_again
Y24.jpg,try_again
Y25.jpg,try_again
Y26.jpg,try_again
Y27.jpg,try_again
Y28.jpg,try_again
Y29.jpg,try_again
Y3.jpg,try_again
Y30.jpg,try_again
Y31.jpg,try_again
Y32.jpg,try_again
Y33.jpg,try_again
Y34.jpg,try_again
Y35.jpg,try_again
Y36.jpg,try_again
Y37.jpg,try_again
Y38.jpg,try_again
Y39.jpg,try_again
Y4.jpg,try_again
Y40.jpg,try_again
Y41.jpg,try_again
Y42.jpg,try_again
Y43.jpg,try_again
Y44.jpg,try_again
Y45.jpg,try_again
Y46.jpg,try_again
Y47.jpg,try_again
Y48.jpg,try_again
Y49.jpg,try_again
Y5.jpg,try_again
Y50.jpg,try_again
Y51.jpg,try_again
Y52.jpg,try_again
Y53.jpg,try_again
Y54.jpg,try_again
Y55.jpg,try_again
Y56.jpg,try_again
Y57.jpg,try_again
Y58.jpg,try_again
Y59.jpg,try_again
Y6.jpg,try_again
Y60.jpg,try_again
Y61.jpg,try_again
Y62.jpg,try_again
Y63.jpg,try_again
Y64.jpg,try_again
Y65.jpg,try_again
Y66.jpg,try_again
Y67.jpg,try_again
Y68.jpg,try_again
Y69.jpg,try_again
Y7.jpg,try_again
Y70.jpg,try_again
Y71.jpg,try_again
Y72.jpg,try_again
Y73.jpg,try_again
Y74.jpg,try_again
Y75.jpg,try_again
Y76.jpg,try_again
Y77.jpg,try_again
Y78.jpg,try_again
Y79.jpg,try_again
Y8.jpg,try_again
Y80.jpg,try_again
Y81.jpg,try_again
Y82.jpg,try_again
Y83.jpg,try_again
Y84.jpg,try_again
Y85.jpg,try_again
Y86.jpg,try_again
Y87.jpg,try_again
Y88.jpg,try_again
Y89.jpg,try_again
Y9.jpg,try_again
Y90.jpg,try_again
Y91.jpg,try_again
Y92.jpg,try_again
Y93.jpg,try_again
Y94.jpg,try_again
Y95.jpg,try_again
Y96.jpg,try_again
Y97.jpg,try_again
Y98.jpg,try_again
Y99.jpg,try_again
Z1.jpg,winner
Z10.jpg,winner
Z100.jpg,winner
Z11.jpg,winner
Z12.jpg,winner
Z13.jpg,winner
Z14.jpg,winner
Z15.jpg,winner
Z16.jpg,winner
Z17.jpg,winner
Z18.jpg,winner
Z19.jpg,winner
Z2.jpg,winner
Z20.jpg,winner
Z21.jpg,winner
Z22.jpg,winner
Z23.jpg,winner
Z24.jpg,winner
Z25.jpg,winner
Z26.jpg,winner
Z27.jpg,winner
Z28.jpg,winner
Z29.jpg,winner
Z3.jpg,winner
Z30.jpg,winner
Z31.jpg,winner
Z32.jpg,winner
Z33.jpg,winner
Z34.jpg,winner
Z35.jpg,winner
Z36.jpg,winner
Z37.jpg,winner
Z38.jpg,winner
Z39.jpg,winner
Z4.jpg,winner
Z40.jpg,winner
Z41.jpg,winner
Z42.jpg,winner
Z43.jpg,winner
Z44.jpg,winner
Z45.jpg,winner
Z46.jpg,winner
Z47.jpg,winner
Z48.jpg,winner
Z49.jpg,winner
Z5.jpg,winner
Z50.jpg,winner
Z51.jpg,winner
Z52.jpg,winner
Z53.jpg,winner
Z54.jpg,winner
Z55.jpg,winner
Z56.jpg,winner
Z57.jpg,winner
Z58.jpg,winner
Z59.jpg,winner
Z6.jpg,winner
Z60.jpg,winner
Z61.jpg,winner
Z62.jpg,winner
Z63.jpg,winner
Z64.jpg,winner
Z65.jpg,winner
Z66.jpg,winner
Z67.jpg,winner
Z68.jpg,winner
Z69.jpg,winner
Z7.jpg,winner
Z70.jpg,winner
Z71.jpg,winner
Z72.jpg,winner
Z73.jpg,winner
Z74.jpg,winner
Z75.jpg,winner
Z76.jpg,winner
Z77.jpg,winner
Z78.jpg,winner
Z79.jpg,winner
Z8.jpg,winner
Z80.jpg,winner
Z81.jpg,winner
Z82.jpg,winner
Z83.jpg,winner
Z84.jpg,winner
Z85.jpg,winner
Z86.jpg,winner
Z87.jpg,winner
Z88.jpg,winner
Z89.jpg,winner
Z9.jpg,winner
Z90.jpg,winner
Z91.jpg,winner
Z92.jpg,winner
Z93.jpg,winner
Z94.jpg,winner
Z95.jpg,winner
Z96.jpg,winner
Z97.jpg,winner
Z98.jpg,winner
Z99.jpg,winner
